sha256	sanitized_path	source_path
0b28b6c58366b55fdcaa8a818eb366a0efc306f1458b82165791e73d0f26dfb5	snapshots/automation/automation.toml	/Users/NEWMAC/.codex/automations/noin-bookto29-newto29-alltabs-hourly-repair/automation.toml
e6e4342bd9b99e9b80245bd2e44fe8a4ecca36ea1a3983b12941f2016c3f668f	snapshots/contracts/fresh_state_contract.json	/Users/NEWMAC/.codex/hooks/contracts/noin-bookto29-newto29-alltabs-hourly-repair.json
ac7fab4b949a8def7c4238881b4edc2253572e29709c7e932b792cd6f61f7411	snapshots/contracts/fresh_state_contract.json.sha256	/Users/NEWMAC/.codex/hooks/contracts/noin-bookto29-newto29-alltabs-hourly-repair.json.sha256
e5efd7e963ef79cc5630164402eb882ab9898a37a65f9ddf2857aa121387b435	snapshots/hooks/fresh_state_receipt.py	/Users/NEWMAC/.codex/hooks/fresh_state_receipt.py
e4b68a703ef2187ef5a8b773a8b0511e3cdbed59dc55baeab10972d853631cc4	snapshots/hooks/fresh_state_receipt_validation.py	/Users/NEWMAC/.codex/hooks/fresh_state_receipt_validation.py
991ce4d10753c59f9874b3c6dfde351a1f06d86ba00b71d5de3b95404911c34b	snapshots/hooks/test_fresh_state_guard.sh	/Users/NEWMAC/.codex/hooks/test_fresh_state_guard.sh
657c174ad6717f9206cf728a187808a5750bfd3973885eb0e2ae069247566884	snapshots/process/bookto29_newto29_alltabs_process_check.sh	/Users/NEWMAC/Documents/webtoon/bookto29_newto29_alltabs_process_check.sh
ad9f2690b03db22f7b74412d1b35247a511d79757918350a00caa172492d0a3d	snapshots/process/bookto_process_contract_check.py	/Users/NEWMAC/Documents/webtoon/bookto_process_contract_check.py
7fcb1337bffa94063053ea68b0ec1a12c9a3218dddd5cdabf7032780d289e457	snapshots/process/bookto_process_contract_check.py.sha256	/Users/NEWMAC/Documents/webtoon/bookto_process_contract_check.py.sha256
a27dca7235975017bd100260f86c7d9f3eb0d1740db473368e447e8b432bfc27	snapshots/process/PROCESS_CONTRACT.json	/Users/NEWMAC/Documents/webtoon/bookto29_newto29_alltabs_20260825/PROCESS_CONTRACT.json
7209ccdc3e0e08bb58a5ba5d7b4b23834b1cad52ce16ac2631f80ae47acb8d8d	snapshots/process/bookto_singleton.py	/Users/NEWMAC/Documents/webtoon/bookto_singleton.py
93e9eb472273be6726c349fd4be566c581958a3f27fdbee6137702557899c47e	snapshots/process/bookto29_newto29_alltabs_scraper_keepalive.sh	/Users/NEWMAC/Documents/webtoon/bookto29_newto29_alltabs_scraper_keepalive.sh
c87167107fb8f05f4dc395770bca75a199f6a3dc2e3ad2af2f375ca0bee6ca0d	snapshots/scraper/bookto_multitab_cdp.py	/Users/NEWMAC/Documents/webtoon/bookto_multitab_cdp.py
8f243b957f56dcc5dc4f7e4dbeca6c3e430d0a82abb56d44e6107f99c83a06ff	snapshots/scraper/bookto_multitab_cdp_core.py	/Users/NEWMAC/Documents/webtoon/bookto_multitab_cdp_core.py
ec7534616d62a306cb8fc157d0b167e23a9c4426c7729f7b5621b525b105b7d3	snapshots/scraper/bookto_multitab_config.py	/Users/NEWMAC/Documents/webtoon/bookto_multitab_config.py
27c18a451677dfd212a9cb70e5bda0497dd4638ebe61916c7dac56a229964baa	snapshots/scraper/bookto_multitab_output.py	/Users/NEWMAC/Documents/webtoon/bookto_multitab_output.py
5a5d4e83790959222afa124032cc8e51c1b2586f60c8686136c1831e543bdcc7	snapshots/scraper/bookto_multitab_progress.py	/Users/NEWMAC/Documents/webtoon/bookto_multitab_progress.py
90485dfd7e3c8994bb637952b10e4eb5c110da373fdb5cc8730c19b659aba677	snapshots/scraper/bookto_multitab_schedule.py	/Users/NEWMAC/Documents/webtoon/bookto_multitab_schedule.py
cc0a7af96668e9e80de6e8913cc611f1c8eb182938cd8c19296c0555421aebb1	snapshots/scraper/bookto_multitab_state.py	/Users/NEWMAC/Documents/webtoon/bookto_multitab_state.py
bfba1c1ba493428d634624af78c91377d40f77f159f7c080168d64caf67c908e	snapshots/scraper/bookto_multitab_state_persistence.py	/Users/NEWMAC/Documents/webtoon/bookto_multitab_state_persistence.py
181e6067756db438c9e9b11f5a63ca54ae79276fca1f0a331d593bbed6584411	snapshots/scraper/bookto_multitab_targets.py	/Users/NEWMAC/Documents/webtoon/bookto_multitab_targets.py
4d73a55a4996760e17b95c08bb6df0f7ea984c1898d5701a573c75db8c7c82dc	snapshots/scraper/bookto_multitab_work_queue.py	/Users/NEWMAC/Documents/webtoon/bookto_multitab_work_queue.py
7017b9dd92ef6df87d5966858448c73fa15f67435767e751d1cc883b14907718	snapshots/controls/bookto_multitab_rotation.py	/Users/NEWMAC/Documents/webtoon/bookto_multitab_rotation.py
92b1eb9cacba6ab8410fc51b0e6e448be4ba474b22ebcab09dc009bab13f1fae	snapshots/controls/bookto_multitab_rotation_artifacts.py	/Users/NEWMAC/Documents/webtoon/bookto_multitab_rotation_artifacts.py
fbff561378a0011b2f70e586c57714aa2b1510ce623ab10b7cd7b1a899c4aa2d	snapshots/controls/bookto_multitab_remote_route_sync.py	/Users/NEWMAC/Documents/webtoon/bookto_multitab_remote_route_sync.py
e9259f3bfd42d4cc062c9a12aced42739c082889762ad727558d55b8f7226b30	snapshots/controls/bookto_multitab_newmac_chrome_control.sh	/Users/NEWMAC/Documents/webtoon/bookto_multitab_newmac_chrome_control.sh
bb6aa42b2c80d6c879abe153903ef970d0d5786c8120dac6252f95f30f6087e5	snapshots/controls/bookto_multitab_runtime_binding.sh	/Users/NEWMAC/Documents/webtoon/bookto29_newto29_alltabs_20260825/distributed/bookto30-newto30-oldmac-smoke-g1/bookto_multitab_runtime_binding.sh
50ae2a281bd31a5744ed7f76035c97e4779aad834cf7c512dc925155769d15dc	snapshots/tests/test_bookto_multitab_rotation.py	/Users/NEWMAC/Documents/webtoon/test_bookto_multitab_rotation.py
b4838da6fd631afede5eb2d710cf29630ad5e19c68babac4a02a864cee91c256	snapshots/tests/test_bookto_multitab_remote_route_sync.py	/Users/NEWMAC/Documents/webtoon/test_bookto_multitab_remote_route_sync.py
ab628e6e21e4c23951802584ab1d5a0c33319d600c2ddd99d9ccb46613761b21	snapshots/tests/test_bookto_multitab_newmac_chrome_control.sh	/Users/NEWMAC/Documents/webtoon/test_bookto_multitab_newmac_chrome_control.sh
dc103d28e91f790fc54652dde9b40c3cbec480fd976356987430e289e1df3901	snapshots/tests/test_bookto_multitab_runtime_binding_live.sh	/Users/NEWMAC/Documents/webtoon/bookto29_newto29_alltabs_20260825/distributed/bookto30-newto30-oldmac-smoke-g1/test_bookto_multitab_runtime_binding_live.sh
bbe98bc02c1d2a7c02f5dc33ff6951fd23b16e13169760f00db5f58cb8240b2d	snapshots/state/PROCESS_STATUS.json	/Users/NEWMAC/Documents/webtoon/bookto29_newto29_alltabs_20260825/PROCESS_STATUS.json
ab44af1a64545a063138dca7f0e5ebba4137b6360d32332a1a41d369368444b9	snapshots/state/LEARNING_INTAKE_STATE.json	/Users/NEWMAC/Documents/webtoon/bookto29_newto29_alltabs_20260825/LEARNING_INTAKE_STATE.json
a0c36b95e7f8fd7b6f731b6a9f019195704a4d2ad247198d0a66f0823f8b080a	snapshots/state/VISUAL_WORKER_STATE.json	/Users/NEWMAC/Documents/webtoon/bookto29_newto29_alltabs_20260825/VISUAL_WORKER_STATE.json
99e90836f560c425c9a5e138da25dbac3dc68f21d1ea7a393fe149a86449a7b8	snapshots/state/ACTIVE_GENERATION.json	/Users/NEWMAC/Documents/webtoon/bookto29_newto29_alltabs_20260825/ACTIVE_GENERATION.json
48dd8a0c327dd2debd93a6acdad69abc95aceb819ee105d80b483273eb3092f7	snapshots/state/NEWMAC_CHROME_CONTROL.json	/Users/NEWMAC/Documents/webtoon/bookto29_newto29_alltabs_20260825/NEWMAC_CHROME_CONTROL.json
319e8e47efc5a29d7ab6cc6d909d77895248d008e2710eeba7c5d47f8ad6211b	snapshots/state/multitab_config.json	/Users/NEWMAC/Documents/webtoon/bookto29_newto29_alltabs_20260825/multitab_config.json
c0dfa58d78011a28dba7ab214eca8649aef5a715aa76c2639b08d6b30e907000	snapshots/state/NEWMAC_RUNTIME_BINDING.json	/Users/NEWMAC/Documents/webtoon/bookto29_newto29_alltabs_20260825/distributed/bookto30-newto30-oldmac-smoke-g1/NEWMAC_RUNTIME_BINDING.json
693b5c5e568cc9642c30042607ac3f49aaa382244ce08908c52e50976456289c	snapshots/state/PAIR_VALIDATION.json	/Users/NEWMAC/Documents/webtoon/bookto29_newto29_alltabs_20260825/distributed/bookto30-newto30-oldmac-smoke-g1/PAIR_VALIDATION.json
a8bb71d3e65d1a6a108cb16091e28d4f5b40aa7d51d4e6911aa00013c9955a0d	snapshots/state/SCRAPE_STATE.summary.json	/Users/NEWMAC/Documents/noin/noin-bookto-hourly-repair-debug-bundle/snapshots/state/SCRAPE_STATE.summary.raw.json
20ef3b00cd03644cddbd4b40c2f5c0068f07517e814a61acd43cadeb17a4481e	snapshots/state/SCRAPE_STATE.summary.json#full-source	/Users/NEWMAC/Documents/webtoon/bookto29_newto29_alltabs_20260825/SCRAPE_STATE.json
13da87c236f1126be903eda3725f66c84ded8f8d20bbeed4f22f2c45944f295a	snapshots/state/WEBTOON_STATE.summary.json#full-source	/Users/NEWMAC/Documents/webtoon/bookto29_newto29_alltabs_20260825/WEBTOON_STATE.json
66b2f1935cc8d351fe4de2fcddf6e5177fcd16c7f28e259045820af339eb6e1b	snapshots/receipts/20260831T033907+0900-7ca06968_global_fresh_state_cycle_receipt.stop-finalized.json	/Users/NEWMAC/Documents/webtoon/bookto29_newto29_alltabs_20260825/watchdog_receipts/20260831T033907+0900-7ca06968_global_fresh_state_cycle_receipt.stop-finalized.json
cda341ddc90860fda1aa85e3a86316ea8b4fd26fdbb8699e9b224f0d90475823	snapshots/receipts/20260831T043953+0900-f896a581_global_fresh_state_cycle_receipt.stop-finalized.json	/Users/NEWMAC/Documents/webtoon/bookto29_newto29_alltabs_20260825/watchdog_receipts/20260831T043953+0900-f896a581_global_fresh_state_cycle_receipt.stop-finalized.json
61d1a22f58af36f7a47ae0a22f64f8eb35ee461e29d02abe88de6133d30ffd6a	snapshots/receipts/20260831T053943+0900-313d7ec9_global_fresh_state_cycle_receipt.stop-finalized.json	/Users/NEWMAC/Documents/webtoon/bookto29_newto29_alltabs_20260825/watchdog_receipts/20260831T053943+0900-313d7ec9_global_fresh_state_cycle_receipt.stop-finalized.json
4ec0fff3d657d197111c7f8a1601c6c66c6241ec3c51d86e37b7f58bc2d98008	snapshots/receipts/20260831T070824+0900-20202b0a_global_fresh_state_cycle_receipt.json	/Users/NEWMAC/Documents/webtoon/bookto29_newto29_alltabs_20260825/watchdog_receipts/20260831T070824+0900-20202b0a_global_fresh_state_cycle_receipt.json
1de75096034e0fad82020891fe92db7df282d27c8fb7187cc52dc807ee8e6ef1	snapshots/receipts/20260831T071342+0900-fe292947_global_fresh_state_cycle_receipt.json	/Users/NEWMAC/Documents/webtoon/bookto29_newto29_alltabs_20260825/watchdog_receipts/20260831T071342+0900-fe292947_global_fresh_state_cycle_receipt.json
